Workbook

Sheet EXAMPLE SCORING
J1: Form 320B Revised October 2023
B2: Berkeley Township Schoo District FSMC Evaluations
D3: Sodexo | F3: Nutri-Serve | H3: N/A | J3: N/A
B4: The Criteria Used in Evaluating Proposals: The points awarded range from 1 to 5, with 5 being the highest score and 1 being the lowest | C4: Weighting Factor | D4: Points 1 to 5 | E4: Total Score | F4: Points 1 to 5 | G4: Total Score | H4: Points 1 to 5 | I4: Total Score | J4: Points 1 to 5 | K4: Total Score
B5: (1) Total Cost: points awarded to the cost of the contract will be based on the lowest total cost receiving the most points with decreasing points for each FSMC's higher cost. | C5: 0.35 | D5: 0 | E5: =(C5*D5) -> 0 | F5: 0 | G5: =(C5*F5) -> 0 | H5: 0 | I5: =(C5*H5) -> 0 | J5: 0 | K5: =(C5*J5) -> 0
B6: (2) Food Quality/Specifications: FSMC met SFA’s requirements for food quality/specifications in its response. | C6: 0.25 | D6: 0 | E6: =(C6*D6) -> 0 | F6: 0 | G6: =(C6*F6) -> 0 | H6: 0 | I6: =(C6*H6) -> 0 | J6: 0 | K6: =(C6*J6) -> 0
B7: (3) Menu: consider the FSMCs’ 21-day cycle menu for variety, student acceptability, number and kinds of choices available and a la carte selections and pricing for students. Are you requiring food samples in your RFP? | C7: 0.15 | D7: 0 | E7: =(C7*D7) -> 0 | F7: 0 | G7: =(C7*F7) -> 0 | H7: 0 | I7: =(C7*H7) -> 0 | J7: 0 | K7: =(C7*J7) -> 0
B8: (4) Corporate Capability and Experience: some measures can include, performance record, years in the industry, client retention, references and financial condition of the FSMC. | C8: 0.15 | D8: 0 | E8: =(C8*D8) -> 0 | F8: 0 | G8: =(C8*F8) -> 0 | H8: 0 | I8: =(C8*H8) -> 0 | J8: 0 | K8: =(C8*J8) -> 0
B9: (5) Accounting and Reporting Systems: the transparency and ease of use of the financial reports FSMC provides with their monthly billing. Integrity and reliability of monthly invoicing and reporting. | C9: 0.1 | D9: 0 | E9: =(C9*D9) -> 0 | F9: 0 | G9: =(C9*F9) -> 0 | H9: 0 | I9: =(C9*H9) -> 0 | J9: 0 | K9: =(C9*J9) -> 0
B10: (6) | E10: =(C10*D10) -> 0 | G10: =(C10*F10) -> 0 | I10: =(C10*H10) -> 0 | K10: =(C10*J10) -> 0
B11: (7) | E11: =(C11*D11) -> 0 | G11: =(C11*F11) -> 0 | I11: =(C11*H11) -> 0 | K11: =(C11*J11) -> 0
B12: TOTAL | C12: =SUM(C5, C6, C7, C8, C9, C10, C11) -> 1 | E12: =SUM(E5, E6, E7, E8, E9, E10, E11) -> 0 | G12: =SUM(G5, G6, G7, G8, G9, G10, G11) -> 0 | I12: =SUM(I5, I6, I7, I8, I9, I10, I11) -> 0 | K12: =SUM(K5, K6, K7, K8, K9, K10, K11) -> 0
B14: (1) PLEASE NOTE: The calculation for Total Score is - Weighting Factor Percentage x Points Awarded = Total Score | C14: EXAMPLE: Weighting Factor 45% x 4 Points = 1.8 | H14: 0.45 x 4 = 1.8
B17: (2) Total Scores are added together so that each FSMC receives a weighted score from every evaluator. | C17: EXAMPLE: Evaluator #1 FSMC #1 Total Scores for Scoring Criteria (1) through (5) = TOTAL for FSMC #1 | H17: 1.8 + 1.25 + 0.6 + 0.2 + 0.25 = 4.1
B21: (3) The Total Score by each evaluator for a FSMC is added together and divided by the number of evaluators. The resulting number is the FSMC's total weighted score to be compared to every other FSMC for award of the contract. | C21: EXAMPLE: Evaluator #1 Total FSMC #1 Score + Evaluator #2 Total FSMC #1 Score + Evaluator #3 Total FSMC #1 Score + Evaluator #4 Total FSMC #1 Score = Total FSMC #1 Score | F21: Total FSMC #1 Score / Number of Evaluators = FSMC #1's Total Weighted Score | I21: 4.1 + 4.35 + 3.85 + 4.3 = 16.6
I25: 16.6 / 4 = 4.15
B29: IMPORTANT NOTES
B31: When scoring Total Cost, the FSMC with the lowest Total Cost must receive 5 points for that criterion. EXAMPLE: The next lowest Total Cost amount should receive 4 points, the next lowest 3 points, etc.
B34: A guarantee can only be given consideration in awarding of the contract if it is listed as one of the scoring criteria.
B37: When scoring a guarantee, the FSMC with the highest guaranteed return must receive 5 points for that criterion. EXAMPLE: The next highest guarantee amount should receive 4 points, the next highest 3 points, etc.

Sheet Evaluator #1
B2: *FSMC Evaluations - Evaluator #1 Name: | C2: Megan Ornstein
D3: Whitson | F3: =+'EXAMPLE SCORING'!F3:G3 -> Nutri-Serve | H3: SFE | J3: Chartwells
B5: The Criteria Used in Evaluating Proposals: The points awarded range from 1 to 5, with 5 being the highest score and 1 being the lowest | C5: Weighting Factor | D5: Points 1 to 5 | E5: Total Score | F5: Points 1 to 5 | G5: Total Score | H5: Points 1 to 5 | I5: Total Score | J5: Points 1 to 5 | K5: Total Score | M5: *Instructions: Enter name of evaluator in row 2. Enter the name of the FSMC at the top of each column.
B6: (1) Total Cost: points awarded to the cost of the contract (the amount indicated on page/tab 5 of Form 23FP, Total Program, Fixed Price per Meal Program Totals) will be based on the lowest total cost receiving the most points with decreasing points for each FSMC's higher cost. | C6: 0.3 | D6: 3 | E6: =(C6*D6) -> 0.9 | F6: 4 | G6: =(C6*F6) -> 1.2 | H6: 5 | I6: =(C6*H6) -> 1.5 | J6: 2 | K6: =(C6*J6) -> 0.6
B7: (2)Guaranteed Return: points awarded will be based upon the highest unlimited guaranteed return receiving the most points with decreasing points for each FSMC's lower guaranteed return | C7: 0.25 | D7: 4 | E7: =(C7*D7) -> 1 | F7: 5 | G7: =(C7*F7) -> 1.25 | H7: 1 | I7: =(C7*H7) -> 0.25 | J7: 3 | K7: =(C7*J7) -> 0.75
B8: (3)Menu: Consider the FSMC's 21- day cycle menu for variety, student acceptability, number and kinds of choices available and a la carte selections | C8: 0.1 | D8: 4 | E8: =(C8*D8) -> 0.4 | F8: 3 | G8: =(C8*F8) -> 0.3 | H8: 4 | I8: =(C8*H8) -> 0.4 | J8: 4 | K8: =(C8*J8) -> 0.4
B9: (4)Proposed Meal Count and Financial Targets: If the FSMCs are proposing increase in meal counts and income in their proposals, are they realistic? Consider, if their plans for achieving these goals are practical and reasonable | C9: 0.1 | D9: 3 | E9: =(C9*D9) -> 0.3 | F9: 4 | G9: =(C9*F9) -> 0.4 | H9: 3 | I9: =(C9*H9) -> 0.3 | J9: 3 | K9: =(C9*J9) -> 0.3
B10: (5) Corporate Capability and Experience: some measures can include performance record, years in the industry, client retention, references and financial condition of the FSMC | C10: 0.25 | D10: 1 | E10: =(C10*D10) -> 0.25 | F10: 5 | G10: =(C10*F10) -> 1.25 | H10: 2 | I10: =(C10*H10) -> 0.5 | J10: 4 | K10: =(C10*J10) -> 1
B11: (6) | E11: =(C11*D11) -> 0 | G11: =(C11*F11) -> 0 | I11: =(C11*H11) -> 0 | K11: =(C11*J11) -> 0
B12: (7) | E12: =(C12*D12) -> 0 | G12: =(C12*F12) -> 0 | I12: =(C12*H12) -> 0 | K12: =(C12*J12) -> 0
B13: TOTAL | C13: =SUM(C6, C7, C8, C9, C10, C11, C12) -> 1 | E13: =SUM(E6, E7, E8, E9, E10, E11, E12) -> 2.85 | G13: =SUM(G6, G7, G8, G9, G10, G11, G12) -> 4.4 | I13: =SUM(I6, I7, I8, I9, I10, I11, I12) -> 2.95 | K13: =SUM(K6, K7, K8, K9, K10, K11, K12) -> 3.05
B15: IMPORTANT NOTES
B17: When scoring Total Cost, the FSMC with the lowest Total Cost must receive 5 points for that criterion. EXAMPLE: The next lowest Total Cost amount should receive 4 points, the next lowest 3 points, etc.
B20: A guarantee can only be given consideration in awarding of the contract if it is listed as one of the scoring criteria.
B23: When scoring a guarantee, the FSMC with the highest guaranteed return must receive 5 points for that criterion. EXAMPLE: The next highest guarantee amount should receive 4 points, the next highest 3 points, etc.

Sheet Evaluator #2
B2: *FSMC Evaluations - Evaluator #2 Name: | C2: Tom Guarascio
D3: =+'Evaluator #1'!D3:E3 -> Whitson | F3: =+'Evaluator #1'!F3:G3 -> Nutri-Serve | H3: =+'Evaluator #1'!H3:I3 -> SFE | J3: =+'Evaluator #1'!J3:K3 -> Chartwells
B5: The Criteria Used in Evaluating Proposals: The points awarded range from 1 to 5, with 5 being the highest score and 1 being the lowest | C5: Weighting Factor | D5: Points 1 to 5 | E5: Total Score | F5: Points 1 to 5 | G5: Total Score | H5: Points 1 to 5 | I5: Total Score | J5: Points 1 to 5 | K5: Total Score | M5: *Instructions: Enter name of evaluator in row 2.
B6: (1) Total Cost: points awarded to the cost of the contract (the amount indicated on page/tab 5 of Form 23FP, Total Program, Fixed Price per Meal Program Totals) will be based on the lowest total cost receiving the most points with decreasing points for each FSMC's higher cost. | C6: ='Evaluator #1'!C6 -> 0.3 | D6: 3 | E6: =(C6*D6) -> 0.9 | F6: 4 | G6: =(C6*F6) -> 1.2 | H6: 5 | I6: =(C6*H6) -> 1.5 | J6: 2 | K6: =(C6*J6) -> 0.6
B7: =+'Evaluator #1'!B7 -> (2)Guaranteed Return: points awarded will be based upon the highest unlimited guaranteed return receiving the most points with decreasing points for each FSMC's lower guaranteed return | C7: ='Evaluator #1'!C7 -> 0.25 | D7: 4 | E7: =(C7*D7) -> 1 | F7: 5 | G7: =(C7*F7) -> 1.25 | H7: 1 | I7: =(C7*H7) -> 0.25 | J7: 2 | K7: =(C7*J7) -> 0.5
B8: =+'Evaluator #1'!B8 -> (3)Menu: Consider the FSMC's 21- day cycle menu for variety, student acceptability, number and kinds of choices available and a la carte selections | C8: ='Evaluator #1'!C8 -> 0.1 | D8: 3 | E8: =(C8*D8) -> 0.3 | F8: 5 | G8: =(C8*F8) -> 0.5 | H8: 3 | I8: =(C8*H8) -> 0.3 | J8: 2 | K8: =(C8*J8) -> 0.2
B9: =+'Evaluator #1'!B9 -> (4)Proposed Meal Count and Financial Targets: If the FSMCs are proposing increase in meal counts and income in their proposals, are they realistic? Consider, if their plans for achieving these goals are practical and reasonable | C9: ='Evaluator #1'!C9 -> 0.1 | D9: 4 | E9: =(C9*D9) -> 0.4 | F9: 4 | G9: =(C9*F9) -> 0.4 | H9: 4 | I9: =(C9*H9) -> 0.4 | J9: 4 | K9: =(C9*J9) -> 0.4
B10: =+'Evaluator #1'!B10 -> (5) Corporate Capability and Experience: some measures can include performance record, years in the industry, client retention, references and financial condition of the FSMC | C10: ='Evaluator #1'!C10 -> 0.25 | D10: 3 | E10: =(C10*D10) -> 0.75 | F10: 5 | G10: =(C10*F10) -> 1.25 | H10: 3 | I10: =(C10*H10) -> 0.75 | J10: 3 | K10: =(C10*J10) -> 0.75
B11: ='Evaluator #1'!B11 -> (6) | C11: ='Evaluator #1'!C11 -> 0 | E11: =(C11*D11) -> 0 | G11: =(C11*F11) -> 0 | I11: =(C11*H11) -> 0 | K11: =(C11*J11) -> 0
B12: ='Evaluator #1'!B12 -> (7) | C12: ='Evaluator #1'!C12 -> 0 | E12: =(C12*D12) -> 0 | G12: =(C12*F12) -> 0 | I12: =(C12*H12) -> 0 | K12: =(C12*J12) -> 0
B13: TOTAL | C13: =SUM(C6, C7, C8, C9, C10, C11, C12) -> 1 | E13: =SUM(E6, E7, E8, E9, E10, E11, E12) -> 3.35 | G13: =SUM(G6, G7, G8, G9, G10, G11, G12) -> 4.6 | I13: =SUM(I6, I7, I8, I9, I10, I11, I12) -> 3.2 | K13: =SUM(K6, K7, K8, K9, K10, K11, K12) -> 2.45
B16: IMPORTANT NOTES
B18: When scoring Total Cost, the FSMC with the lowest Total Cost must receive 5 points for that criterion. EXAMPLE: The next lowest Total Cost amount should receive 4 points, the next lowest 3 points, etc.
B21: A guarantee can only be given consideration in awarding of the contract if it is listed as one of the scoring criteria.
B24: When scoring a guarantee, the FSMC with the highest guaranteed return must receive 5 points for that criterion. EXAMPLE: The next highest guarantee amount should receive 4 points, the next highest 3 points, etc.

Sheet Evaluator #3
B2: *FSMC Evaluations - Evaluator #3 Name: | C2: Anne Marie Trethaway
D3: =+'Evaluator #1'!D3:E3 -> Whitson | F3: =+'Evaluator #1'!F3:G3 -> Nutri-Serve | H3: =+'Evaluator #1'!H3:I3 -> SFE | J3: =+'Evaluator #1'!J3:K3 -> Chartwells
B5: The Criteria Used in Evaluating Proposals: The points awarded range from 1 to 5, with 5 being the highest score and 1 being the lowest | C5: Weighting Factor | D5: Points 1 to 5 | E5: Total Score | F5: Points 1 to 5 | G5: Total Score | H5: Points 1 to 5 | I5: Total Score | J5: Points 1 to 5 | K5: Total Score | M5: *Instructions: Enter name of evaluator in row 2.
B6: (1) Total Cost: points awarded to the cost of the contract will be based on the lowest total cost receiving the most points with decreasing points for each FSMC's higher cost. | C6: ='Evaluator #1'!C6 -> 0.3 | D6: 3 | E6: =(C6*D6) -> 0.9 | F6: 4 | G6: =(C6*F6) -> 1.2 | H6: 5 | I6: =(C6*H6) -> 1.5 | J6: 2 | K6: =(C6*J6) -> 0.6
B7: ='Evaluator #1'!B7 -> (2)Guaranteed Return: points awarded will be based upon the highest unlimited guaranteed return receiving the most points with decreasing points for each FSMC's lower guaranteed return | C7: ='Evaluator #1'!C7 -> 0.25 | D7: 4 | E7: =(C7*D7) -> 1 | F7: 5 | G7: =(C7*F7) -> 1.25 | H7: 1 | I7: =(C7*H7) -> 0.25 | J7: 2 | K7: =(C7*J7) -> 0.5
B8: ='Evaluator #1'!B8 -> (3)Menu: Consider the FSMC's 21- day cycle menu for variety, student acceptability, number and kinds of choices available and a la carte selections | C8: ='Evaluator #1'!C8 -> 0.1 | D8: 3 | E8: =(C8*D8) -> 0.3 | F8: 5 | G8: =(C8*F8) -> 0.5 | H8: 1 | I8: =(C8*H8) -> 0.1 | J8: 2 | K8: =(C8*J8) -> 0.2
B9: ='Evaluator #1'!B9 -> (4)Proposed Meal Count and Financial Targets: If the FSMCs are proposing increase in meal counts and income in their proposals, are they realistic? Consider, if their plans for achieving these goals are practical and reasonable | C9: ='Evaluator #1'!C9 -> 0.1 | D9: 4 | E9: =(C9*D9) -> 0.4 | F9: 5 | G9: =(C9*F9) -> 0.5 | H9: 4 | I9: =(C9*H9) -> 0.4 | J9: 4 | K9: =(C9*J9) -> 0.4
B10: ='Evaluator #1'!B10 -> (5) Corporate Capability and Experience: some measures can include performance record, years in the industry, client retention, references and financial condition of the FSMC | C10: ='Evaluator #1'!C10 -> 0.25 | D10: 2 | E10: =(C10*D10) -> 0.5 | F10: 5 | G10: =(C10*F10) -> 1.25 | H10: 2 | I10: =(C10*H10) -> 0.5 | J10: 2 | K10: =(C10*J10) -> 0.5
B11: ='Evaluator #1'!B11 -> (6) | C11: ='Evaluator #1'!C11 -> 0 | E11: =(C11*D11) -> 0 | G11: =(C11*F11) -> 0 | I11: =(C11*H11) -> 0 | K11: =(C11*J11) -> 0
B12: ='Evaluator #1'!B12 -> (7) | C12: ='Evaluator #1'!C12 -> 0 | E12: =(C12*D12) -> 0 | G12: =(C12*F12) -> 0 | I12: =(C12*H12) -> 0 | K12: =(C12*J12) -> 0
B13: TOTAL | C13: =SUM(C6, C7, C8, C9, C10, C11, C12) -> 1 | E13: =SUM(E6, E7, E8, E9, E10, E11, E12) -> 3.1 | G13: =SUM(G6, G7, G8, G9, G10, G11, G12) -> 4.7 | I13: =SUM(I6, I7, I8, I9, I10, I11, I12) -> 2.75 | K13: =SUM(K6, K7, K8, K9, K10, K11, K12) -> 2.2
B16: IMPORTANT NOTES
B18: When scoring Total Cost, the FSMC with the lowest Total Cost must receive 5 points for that criterion. EXAMPLE: The next lowest Total Cost amount should receive 4 points, the next lowest 3 points, etc.
B21: A guarantee can only be given consideration in awarding of the contract if it is listed as one of the scoring criteria.
B24: When scoring a guarantee, the FSMC with the highest guaranteed return must receive 5 points for that criterion. EXAMPLE: The next highest guarantee amount should receive 4 points, the next highest 3 points, etc.

Sheet Evaluator #4
B2: *FSMC Evaluations - Evaluator #4 Name:
D3: =+'Evaluator #1'!D3:E3 -> Whitson | F3: =+'Evaluator #1'!F3:G3 -> Nutri-Serve | H3: =+'Evaluator #1'!H3:I3 -> SFE | J3: =+'Evaluator #1'!J3:K3 -> Chartwells
B5: The Criteria Used in Evaluating Proposals: The points awarded range from 1 to 5, with 5 being the highest score and 1 being the lowest | C5: Weighting Factor | D5: Points 1 to 5 | E5: Total Score | F5: Points 1 to 5 | G5: Total Score | H5: Points 1 to 5 | I5: Total Score | J5: Points 1 to 5 | K5: Total Score | M5: *Instructions: Enter name of evaluator in row 2.
B6: (1) Total Cost: points awarded to the cost of the contract will be based on the lowest total cost receiving the most points with decreasing points for each FSMC's higher cost. | C6: ='Evaluator #1'!C6 -> 0.3 | D6: 0 | E6: =(C6*D6) -> 0 | F6: 0 | G6: =(C6*F6) -> 0 | I6: =(C6*H6) -> 0 | K6: =(C6*J6) -> 0
B7: ='Evaluator #1'!B7 -> (2)Guaranteed Return: points awarded will be based upon the highest unlimited guaranteed return receiving the most points with decreasing points for each FSMC's lower guaranteed return | C7: ='Evaluator #1'!C7 -> 0.25 | D7: 0 | E7: =(C7*D7) -> 0 | F7: 0 | G7: =(C7*F7) -> 0 | I7: =(C7*H7) -> 0 | K7: =(C7*J7) -> 0
B8: ='Evaluator #1'!B8 -> (3)Menu: Consider the FSMC's 21- day cycle menu for variety, student acceptability, number and kinds of choices available and a la carte selections | C8: ='Evaluator #1'!C8 -> 0.1 | D8: 0 | E8: =(C8*D8) -> 0 | F8: 0 | G8: =(C8*F8) -> 0 | I8: =(C8*H8) -> 0 | K8: =(C8*J8) -> 0
B9: ='Evaluator #1'!B9 -> (4)Proposed Meal Count and Financial Targets: If the FSMCs are proposing increase in meal counts and income in their proposals, are they realistic? Consider, if their plans for achieving these goals are practical and reasonable | C9: ='Evaluator #1'!C9 -> 0.1 | D9: 0 | E9: =(C9*D9) -> 0 | F9: 0 | G9: =(C9*F9) -> 0 | I9: =(C9*H9) -> 0 | K9: =(C9*J9) -> 0
B10: ='Evaluator #1'!B10 -> (5) Corporate Capability and Experience: some measures can include performance record, years in the industry, client retention, references and financial condition of the FSMC | C10: ='Evaluator #1'!C10 -> 0.25 | D10: 0 | E10: =(C10*D10) -> 0 | F10: 0 | G10: =(C10*F10) -> 0 | I10: =(C10*H10) -> 0 | K10: =(C10*J10) -> 0
B11: ='Evaluator #1'!B11 -> (6) | C11: ='Evaluator #1'!C11 -> 0 | E11: =(C11*D11) -> 0 | G11: =(C11*F11) -> 0 | I11: =(C11*H11) -> 0 | K11: =(C11*J11) -> 0
B12: ='Evaluator #1'!B12 -> (7) | C12: ='Evaluator #1'!C12 -> 0 | E12: =(C12*D12) -> 0 | G12: =(C12*F12) -> 0 | I12: =(C12*H12) -> 0 | K12: =(C12*J12) -> 0
B13: TOTAL | C13: =SUM(C6, C7, C8, C9, C10, C11, C12) -> 1 | E13: =+SUM(E6, E7, E8, E9, E10, E11, E12) -> 0 | G13: =SUM(G6, G7, G8, G9, G10, G11, G12) -> 0 | I13: =SUM(I6, I7, I8, I9, I10, I11, I12) -> 0 | K13: =SUM(K6, K7, K8, K9, K10, K11, K12) -> 0
B16: IMPORTANT NOTES
B18: When scoring Total Cost, the FSMC with the lowest Total Cost must receive 5 points for that criterion. EXAMPLE: The next lowest Total Cost amount should receive 4 points, the next lowest 3 points, etc.
B21: A guarantee can only be given consideration in awarding of the contract if it is listed as one of the scoring criteria.
B24: When scoring a guarantee, the FSMC with the highest guaranteed return must receive 5 points for that criterion. EXAMPLE: The next highest guarantee amount should receive 4 points, the next highest 3 points, etc.

Sheet Evaluator #5
D3: =+'Evaluator #1'!D3:E3 -> Whitson | F3: =+'Evaluator #1'!F3:G3 -> Nutri-Serve | H3: =+'Evaluator #1'!H3:I3 -> SFE | J3: =+'Evaluator #1'!J3:K3 -> Chartwells
B5: The Criteria Used in Evaluating Proposals: The points awarded range from 1 to 5, with 5 being the highest score and 1 being the lowest | C5: Weighting Factor | D5: Points 1 to 5 | E5: Total Score | F5: Points 1 to 5 | G5: Total Score | H5: Points 1 to 5 | I5: Total Score | J5: Points 1 to 5 | K5: Total Score | M5: *Instructions: Enter name of evaluator in row 2.
B6: (1) Total Cost: points awarded to the cost of the contract will be based on the lowest total cost receiving the most points with decreasing points for each FSMC's higher cost. | C6: ='Evaluator #1'!C6 -> 0.3 | D6: 0 | E6: =(C6*D6) -> 0 | F6: 0 | G6: =(C6*F6) -> 0 | I6: =(C6*H6) -> 0 | K6: =(C6*J6) -> 0
B7: ='Evaluator #1'!B7 -> (2)Guaranteed Return: points awarded will be based upon the highest unlimited guaranteed return receiving the most points with decreasing points for each FSMC's lower guaranteed return | C7: ='Evaluator #1'!C7 -> 0.25 | E7: =(C7*D7) -> 0 | G7: =(C7*F7) -> 0 | I7: =(C7*H7) -> 0 | K7: =(C7*J7) -> 0
B8: ='Evaluator #1'!B8 -> (3)Menu: Consider the FSMC's 21- day cycle menu for variety, student acceptability, number and kinds of choices available and a la carte selections | C8: ='Evaluator #1'!C8 -> 0.1 | E8: =(C8*D8) -> 0 | G8: =(C8*F8) -> 0 | I8: =(C8*H8) -> 0 | K8: =(C8*J8) -> 0
B9: ='Evaluator #1'!B9 -> (4)Proposed Meal Count and Financial Targets: If the FSMCs are proposing increase in meal counts and income in their proposals, are they realistic? Consider, if their plans for achieving these goals are practical and reasonable | C9: ='Evaluator #1'!C9 -> 0.1 | E9: =(C9*D9) -> 0 | G9: =(C9*F9) -> 0 | I9: =(C9*H9) -> 0 | K9: =(C9*J9) -> 0
B10: ='Evaluator #1'!B10 -> (5) Corporate Capability and Experience: some measures can include performance record, years in the industry, client retention, references and financial condition of the FSMC | C10: ='Evaluator #1'!C10 -> 0.25 | E10: =(C10*D10) -> 0 | G10: =(C10*F10) -> 0 | I10: =(C10*H10) -> 0 | K10: =(C10*J10) -> 0
B11: ='Evaluator #1'!B11 -> (6) | C11: ='Evaluator #1'!C11 -> 0 | E11: =(C11*D11) -> 0 | G11: =(C11*F11) -> 0 | I11: =(C11*H11) -> 0 | K11: =(C11*J11) -> 0
B12: ='Evaluator #1'!B12 -> (7) | C12: ='Evaluator #1'!C12 -> 0 | E12: =(C12*D12) -> 0 | G12: =(C12*F12) -> 0 | I12: =(C12*H12) -> 0 | K12: =(C12*J12) -> 0
B13: TOTAL | C13: =SUM(C6, C7, C8, C9, C10, C11, C12) -> 1 | E13: =+SUM(E6, E7, E8, E9, E10, E11, E12) -> 0 | G13: =SUM(G6, G7, G8, G9, G10, G11, G12) -> 0 | I13: =SUM(I6, I7, I8, I9, I10, I11, I12) -> 0 | K13: =SUM(K6, K7, K8, K9, K10, K11, K12) -> 0
B16: IMPORTANT NOTES
B18: When scoring Total Cost, the FSMC with the lowest Total Cost must receive 5 points for that criterion. EXAMPLE: The next lowest Total Cost amount should receive 4 points, the next lowest 3 points, etc.
B21: A guarantee can only be given consideration in awarding of the contract if it is listed as one of the scoring criteria.
B24: When scoring a guarantee, the FSMC with the highest guaranteed return must receive 5 points for that criterion. EXAMPLE: The next highest guarantee amount should receive 4 points, the next highest 3 points, etc.

Sheet Totals
B2: FSMC Total Weighted Scores
B3: Evaluator | C3: Whitsons | D3: Nutri-Serve | E3: SFE | F3: Chartwells
B4: ='Evaluator #1'!C2 -> Megan Ornstein | C4: ='Evaluator #1'!E13 -> 2.85 | D4: ='Evaluator #1'!G13 -> 4.4 | E4: =+'Evaluator #1'!I13 -> 2.95 | F4: ='Evaluator #1'!K13 -> 3.05
B5: ='Evaluator #2'!C2 -> Tom Guarascio | C5: ='Evaluator #2'!E13 -> 3.35 | D5: ='Evaluator #2'!G13 -> 4.6 | E5: ='Evaluator #2'!I13 -> 3.2 | F5: ='Evaluator #2'!K13 -> 2.45
B6: ='Evaluator #3'!C2 -> Anne Marie Trethaway | C6: ='Evaluator #3'!E13 -> 3.1 | D6: ='Evaluator #3'!G13 -> 4.7 | E6: ='Evaluator #3'!I13 -> 2.75 | F6: ='Evaluator #3'!K13 -> 2.2
B7: ='Evaluator #4'!C2 -> 0 | C7: ='Evaluator #4'!E13 -> 0 | D7: ='Evaluator #4'!G13 -> 0 | E7: ='Evaluator #4'!I13 -> 0 | F7: ='Evaluator #4'!K13 -> 0
B8: #5 | C8: ='Evaluator #5'!E13 -> 0 | D8: ='Evaluator #5'!G13 -> 0 | E8: ='Evaluator #5'!I13 -> 0 | F8: ='Evaluator #5'!K13 -> 0
B9: Total | C9: =SUM(C4, C5, C6, C7,C8) -> 9.3 | D9: =SUM(D4, D5, D6, D7,D8) -> 13.7 | E9: =SUM(E4, E5, E6, E7) -> 8.9 | F9: =SUM(F4, F5, F6, F7) -> 7.7
B10: Total / # of evaluators | C10: =C9/3 -> 3.1 | D10: =D9/3 -> 4.5666667 | E10: =+E9/3 -> 2.9666667 | F10: =+F9/3 -> 2.5666667
